con,joint,cont,pow,sub,value
nh,ank,net,neg,1,-0.689065459019997
nh,ank,net,neg,2,-0.663190005894969
nh,ank,net,neg,3,-0.639351970770142
nh,ank,net,neg,4,-0.829013339497826
nh,ank,net,neg,5,-0.592285868876121
nh,ank,net,neg,6,-0.528970652643372
nh,ank,net,neg,7,-0.683656831874567
nh,ank,net,neg,8,-0.741677335956517
nh,ank,net,neg,9,-0.859927253688083
nh,ank,net,neg,10,-0.693673254374196
nh,ank,net,neg,11,-0.592656225404319
nh,ank,net,neg,12,-0.78261443621972
nh,ank,net,neg,13,-0.684402741930064
nh,ank,net,neg,14,-0.671548043980318
nh,ank,net,pos,1,1.00294497609138
nh,ank,net,pos,2,0.944021655356183
nh,ank,net,pos,3,1.02353598674138
nh,ank,net,pos,4,1.14133457071853
nh,ank,net,pos,5,0.977475585306392
nh,ank,net,pos,6,0.850416932474164
nh,ank,net,pos,7,0.919563758899184
nh,ank,net,pos,8,1.20082781157073
nh,ank,net,pos,9,1.27545276634833
nh,ank,net,pos,10,1.0785640408011
nh,ank,net,pos,11,0.897964850068092
nh,ank,net,pos,12,1.13005466408589
nh,ank,net,pos,13,0.96780263588709
nh,ank,net,pos,14,1.07168113834718
nh,kne,net,neg,1,-0.386617907049025
nh,kne,net,neg,2,-0.395490767324672
nh,kne,net,neg,3,-0.328491081116777
nh,kne,net,neg,4,-0.33396617097385
nh,kne,net,neg,5,-0.419641790582853
nh,kne,net,neg,6,-0.50434048890191
nh,kne,net,neg,7,-0.30165287698893
nh,kne,net,neg,8,-0.282548119478366
nh,kne,net,neg,9,-0.216171141111237
nh,kne,net,neg,10,-0.316325942163958
nh,kne,net,neg,11,-0.337153010289459
nh,kne,net,neg,12,-0.238610996152548
nh,kne,net,neg,13,-0.340869602911613
nh,kne,net,neg,14,-0.19616406476673
nh,kne,net,pos,1,0.578695397166645
nh,kne,net,pos,2,0.554687209865626
nh,kne,net,pos,3,0.433387139529893
nh,kne,net,pos,4,0.489876808542194
nh,kne,net,pos,5,0.543462378575521
nh,kne,net,pos,6,0.683637177242952
nh,kne,net,pos,7,0.384087743128047
nh,kne,net,pos,8,0.471902221222134
nh,kne,net,pos,9,0.426881729460814
nh,kne,net,pos,10,0.392037207808565
nh,kne,net,pos,11,0.454351277912364
nh,kne,net,pos,12,0.47516883383779
nh,kne,net,pos,13,0.513961504049161
nh,kne,net,pos,14,0.343960898763993
nh,hip,net,neg,1,-0.0462507186457515
nh,hip,net,neg,2,-0.0481541039257803
nh,hip,net,neg,3,-0.0839050427417864
nh,hip,net,neg,4,-0.0710415973920714
nh,hip,net,neg,5,-0.0600340986514793
nh,hip,net,neg,6,-0.178681492805481
nh,hip,net,neg,7,-0.0631339049090029
nh,hip,net,neg,8,-0.190825219868737
nh,hip,net,neg,9,-0.132285042611115
nh,hip,net,neg,10,-0.109818295137409
nh,hip,net,neg,11,-0.110666796345921
nh,hip,net,neg,12,-0.0944350503713769
nh,hip,net,neg,13,-0.0899578441783567
nh,hip,net,neg,14,-0.114602823632167
nh,hip,net,pos,1,0.0262877303928904
nh,hip,net,pos,2,0.0242932661546066
nh,hip,net,pos,3,0.0689629862141429
nh,hip,net,pos,4,0.0680574537395979
nh,hip,net,pos,5,0.037741695804631
nh,hip,net,pos,6,0.0904192322974696
nh,hip,net,pos,7,0.0409304948715384
nh,hip,net,pos,8,0.0771875097142423
nh,hip,net,pos,9,0.029337794506265
nh,hip,net,pos,10,0.0723247355507577
nh,hip,net,pos,11,0.0384194922140416
nh,hip,net,pos,12,0.0348590898793191
nh,hip,net,pos,13,0.0448196765090175
nh,hip,net,pos,14,0.0294435292290633
nh,ank,exo,neg,1,NaN
nh,ank,exo,neg,2,NaN
nh,ank,exo,neg,3,NaN
nh,ank,exo,neg,4,NaN
nh,ank,exo,neg,5,NaN
nh,ank,exo,neg,6,NaN
nh,ank,exo,neg,7,NaN
nh,ank,exo,neg,8,NaN
nh,ank,exo,neg,9,NaN
nh,ank,exo,neg,10,NaN
nh,ank,exo,neg,11,NaN
nh,ank,exo,neg,12,NaN
nh,ank,exo,neg,13,NaN
nh,ank,exo,neg,14,NaN
nh,ank,exo,pos,1,NaN
nh,ank,exo,pos,2,NaN
nh,ank,exo,pos,3,NaN
nh,ank,exo,pos,4,NaN
nh,ank,exo,pos,5,NaN
nh,ank,exo,pos,6,NaN
nh,ank,exo,pos,7,NaN
nh,ank,exo,pos,8,NaN
nh,ank,exo,pos,9,NaN
nh,ank,exo,pos,10,NaN
nh,ank,exo,pos,11,NaN
nh,ank,exo,pos,12,NaN
nh,ank,exo,pos,13,NaN
nh,ank,exo,pos,14,NaN
nh,kne,exo,neg,1,NaN
nh,kne,exo,neg,2,NaN
nh,kne,exo,neg,3,NaN
nh,kne,exo,neg,4,NaN
nh,kne,exo,neg,5,NaN
nh,kne,exo,neg,6,NaN
nh,kne,exo,neg,7,NaN
nh,kne,exo,neg,8,NaN
nh,kne,exo,neg,9,NaN
nh,kne,exo,neg,10,NaN
nh,kne,exo,neg,11,NaN
nh,kne,exo,neg,12,NaN
nh,kne,exo,neg,13,NaN
nh,kne,exo,neg,14,NaN
nh,kne,exo,pos,1,NaN
nh,kne,exo,pos,2,NaN
nh,kne,exo,pos,3,NaN
nh,kne,exo,pos,4,NaN
nh,kne,exo,pos,5,NaN
nh,kne,exo,pos,6,NaN
nh,kne,exo,pos,7,NaN
nh,kne,exo,pos,8,NaN
nh,kne,exo,pos,9,NaN
nh,kne,exo,pos,10,NaN
nh,kne,exo,pos,11,NaN
nh,kne,exo,pos,12,NaN
nh,kne,exo,pos,13,NaN
nh,kne,exo,pos,14,NaN
nh,hip,exo,neg,1,NaN
nh,hip,exo,neg,2,NaN
nh,hip,exo,neg,3,NaN
nh,hip,exo,neg,4,NaN
nh,hip,exo,neg,5,NaN
nh,hip,exo,neg,6,NaN
nh,hip,exo,neg,7,NaN
nh,hip,exo,neg,8,NaN
nh,hip,exo,neg,9,NaN
nh,hip,exo,neg,10,NaN
nh,hip,exo,neg,11,NaN
nh,hip,exo,neg,12,NaN
nh,hip,exo,neg,13,NaN
nh,hip,exo,neg,14,NaN
nh,hip,exo,pos,1,NaN
nh,hip,exo,pos,2,NaN
nh,hip,exo,pos,3,NaN
nh,hip,exo,pos,4,NaN
nh,hip,exo,pos,5,NaN
nh,hip,exo,pos,6,NaN
nh,hip,exo,pos,7,NaN
nh,hip,exo,pos,8,NaN
nh,hip,exo,pos,9,NaN
nh,hip,exo,pos,10,NaN
nh,hip,exo,pos,11,NaN
nh,hip,exo,pos,12,NaN
nh,hip,exo,pos,13,NaN
nh,hip,exo,pos,14,NaN
nh,ank,bio,neg,1,-0.689065459019997
nh,ank,bio,neg,2,-0.663190005894969
nh,ank,bio,neg,3,-0.639351970770142
nh,ank,bio,neg,4,-0.829013339497826
nh,ank,bio,neg,5,-0.592285868876121
nh,ank,bio,neg,6,-0.528970652643372
nh,ank,bio,neg,7,-0.683656831874567
nh,ank,bio,neg,8,-0.741677335956517
nh,ank,bio,neg,9,-0.859927253688083
nh,ank,bio,neg,10,-0.693673254374196
nh,ank,bio,neg,11,-0.592656225404319
nh,ank,bio,neg,12,-0.78261443621972
nh,ank,bio,neg,13,-0.684402741930064
nh,ank,bio,neg,14,-0.671548043980318
nh,ank,bio,pos,1,1.00294497609138
nh,ank,bio,pos,2,0.944021655356183
nh,ank,bio,pos,3,1.02353598674138
nh,ank,bio,pos,4,1.14133457071853
nh,ank,bio,pos,5,0.977475585306392
nh,ank,bio,pos,6,0.850416932474164
nh,ank,bio,pos,7,0.919563758899184
nh,ank,bio,pos,8,1.20082781157073
nh,ank,bio,pos,9,1.27545276634833
nh,ank,bio,pos,10,1.0785640408011
nh,ank,bio,pos,11,0.897964850068092
nh,ank,bio,pos,12,1.13005466408589
nh,ank,bio,pos,13,0.96780263588709
nh,ank,bio,pos,14,1.07168113834718
nh,kne,bio,neg,1,-0.386617907049025
nh,kne,bio,neg,2,-0.395490767324672
nh,kne,bio,neg,3,-0.328491081116777
nh,kne,bio,neg,4,-0.33396617097385
nh,kne,bio,neg,5,-0.419641790582853
nh,kne,bio,neg,6,-0.50434048890191
nh,kne,bio,neg,7,-0.30165287698893
nh,kne,bio,neg,8,-0.282548119478366
nh,kne,bio,neg,9,-0.216171141111237
nh,kne,bio,neg,10,-0.316325942163958
nh,kne,bio,neg,11,-0.337153010289459
nh,kne,bio,neg,12,-0.238610996152548
nh,kne,bio,neg,13,-0.340869602911613
nh,kne,bio,neg,14,-0.19616406476673
nh,kne,bio,pos,1,0.578695397166645
nh,kne,bio,pos,2,0.554687209865626
nh,kne,bio,pos,3,0.433387139529893
nh,kne,bio,pos,4,0.489876808542194
nh,kne,bio,pos,5,0.543462378575521
nh,kne,bio,pos,6,0.683637177242952
nh,kne,bio,pos,7,0.384087743128047
nh,kne,bio,pos,8,0.471902221222134
nh,kne,bio,pos,9,0.426881729460814
nh,kne,bio,pos,10,0.392037207808565
nh,kne,bio,pos,11,0.454351277912364
nh,kne,bio,pos,12,0.47516883383779
nh,kne,bio,pos,13,0.513961504049161
nh,kne,bio,pos,14,0.343960898763993
nh,hip,bio,neg,1,-0.0462507186457515
nh,hip,bio,neg,2,-0.0481541039257803
nh,hip,bio,neg,3,-0.0839050427417864
nh,hip,bio,neg,4,-0.0710415973920714
nh,hip,bio,neg,5,-0.0600340986514793
nh,hip,bio,neg,6,-0.178681492805481
nh,hip,bio,neg,7,-0.0631339049090029
nh,hip,bio,neg,8,-0.190825219868737
nh,hip,bio,neg,9,-0.132285042611115
nh,hip,bio,neg,10,-0.109818295137409
nh,hip,bio,neg,11,-0.110666796345921
nh,hip,bio,neg,12,-0.0944350503713769
nh,hip,bio,neg,13,-0.0899578441783567
nh,hip,bio,neg,14,-0.114602823632167
nh,hip,bio,pos,1,0.0262877303928904
nh,hip,bio,pos,2,0.0242932661546066
nh,hip,bio,pos,3,0.0689629862141429
nh,hip,bio,pos,4,0.0680574537395979
nh,hip,bio,pos,5,0.037741695804631
nh,hip,bio,pos,6,0.0904192322974696
nh,hip,bio,pos,7,0.0409304948715384
nh,hip,bio,pos,8,0.0771875097142423
nh,hip,bio,pos,9,0.029337794506265
nh,hip,bio,pos,10,0.0723247355507577
nh,hip,bio,pos,11,0.0384194922140416
nh,hip,bio,pos,12,0.0348590898793191
nh,hip,bio,pos,13,0.0448196765090175
nh,hip,bio,pos,14,0.0294435292290633
nh,ank,net,net,1,0.313879517071387
nh,ank,net,net,2,0.280831649461213
nh,ank,net,net,3,0.384184015971242
nh,ank,net,net,4,0.312321231220708
nh,ank,net,net,5,0.385189716430271
nh,ank,net,net,6,0.321446279830792
nh,ank,net,net,7,0.235906927024617
nh,ank,net,net,8,0.459150475614211
nh,ank,net,net,9,0.415525512660251
nh,ank,net,net,10,0.384890786426909
nh,ank,net,net,11,0.305308624663774
nh,ank,net,net,12,0.347440227866173
nh,ank,net,net,13,0.283399893957026
nh,ank,net,net,14,0.400133094366859
nh,kne,net,net,1,0.19207749011762
nh,kne,net,net,2,0.159196442540954
nh,kne,net,net,3,0.104896058413115
nh,kne,net,net,4,0.155910637568344
nh,kne,net,net,5,0.123820587992668
nh,kne,net,net,6,0.179296688341043
nh,kne,net,net,7,0.0824348661391174
nh,kne,net,net,8,0.189354101743768
nh,kne,net,net,9,0.210710588349577
nh,kne,net,net,10,0.0757112656446065
nh,kne,net,net,11,0.117198267622906
nh,kne,net,net,12,0.236557837685241
nh,kne,net,net,13,0.173091901137548
nh,kne,net,net,14,0.147796833997264
nh,hip,net,net,1,-0.0199629882528611
nh,hip,net,net,2,-0.0238608377711738
nh,hip,net,net,3,-0.0149420565276435
nh,hip,net,net,4,-0.00298414365247343
nh,hip,net,net,5,-0.0222924028468483
nh,hip,net,net,6,-0.0882622605080114
nh,hip,net,net,7,-0.0222034100374645
nh,hip,net,net,8,-0.113637710154495
nh,hip,net,net,9,-0.10294724810485
nh,hip,net,net,10,-0.0374935595866512
nh,hip,net,net,11,-0.0722473041318795
nh,hip,net,net,12,-0.0595759604920578
nh,hip,net,net,13,-0.0451381676693392
nh,hip,net,net,14,-0.0851592944031034
nh,ank,exo,net,1,NaN
nh,ank,exo,net,2,NaN
nh,ank,exo,net,3,NaN
nh,ank,exo,net,4,NaN
nh,ank,exo,net,5,NaN
nh,ank,exo,net,6,NaN
nh,ank,exo,net,7,NaN
nh,ank,exo,net,8,NaN
nh,ank,exo,net,9,NaN
nh,ank,exo,net,10,NaN
nh,ank,exo,net,11,NaN
nh,ank,exo,net,12,NaN
nh,ank,exo,net,13,NaN
nh,ank,exo,net,14,NaN
nh,kne,exo,net,1,NaN
nh,kne,exo,net,2,NaN
nh,kne,exo,net,3,NaN
nh,kne,exo,net,4,NaN
nh,kne,exo,net,5,NaN
nh,kne,exo,net,6,NaN
nh,kne,exo,net,7,NaN
nh,kne,exo,net,8,NaN
nh,kne,exo,net,9,NaN
nh,kne,exo,net,10,NaN
nh,kne,exo,net,11,NaN
nh,kne,exo,net,12,NaN
nh,kne,exo,net,13,NaN
nh,kne,exo,net,14,NaN
nh,hip,exo,net,1,NaN
nh,hip,exo,net,2,NaN
nh,hip,exo,net,3,NaN
nh,hip,exo,net,4,NaN
nh,hip,exo,net,5,NaN
nh,hip,exo,net,6,NaN
nh,hip,exo,net,7,NaN
nh,hip,exo,net,8,NaN
nh,hip,exo,net,9,NaN
nh,hip,exo,net,10,NaN
nh,hip,exo,net,11,NaN
nh,hip,exo,net,12,NaN
nh,hip,exo,net,13,NaN
nh,hip,exo,net,14,NaN
nh,ank,bio,net,1,0.313879517071387
nh,ank,bio,net,2,0.280831649461213
nh,ank,bio,net,3,0.384184015971242
nh,ank,bio,net,4,0.312321231220708
nh,ank,bio,net,5,0.385189716430271
nh,ank,bio,net,6,0.321446279830792
nh,ank,bio,net,7,0.235906927024617
nh,ank,bio,net,8,0.459150475614211
nh,ank,bio,net,9,0.415525512660251
nh,ank,bio,net,10,0.384890786426909
nh,ank,bio,net,11,0.305308624663774
nh,ank,bio,net,12,0.347440227866173
nh,ank,bio,net,13,0.283399893957026
nh,ank,bio,net,14,0.400133094366859
nh,kne,bio,net,1,0.19207749011762
nh,kne,bio,net,2,0.159196442540954
nh,kne,bio,net,3,0.104896058413115
nh,kne,bio,net,4,0.155910637568344
nh,kne,bio,net,5,0.123820587992668
nh,kne,bio,net,6,0.179296688341043
nh,kne,bio,net,7,0.0824348661391174
nh,kne,bio,net,8,0.189354101743768
nh,kne,bio,net,9,0.210710588349577
nh,kne,bio,net,10,0.0757112656446065
nh,kne,bio,net,11,0.117198267622906
nh,kne,bio,net,12,0.236557837685241
nh,kne,bio,net,13,0.173091901137548
nh,kne,bio,net,14,0.147796833997264
nh,hip,bio,net,1,-0.0199629882528611
nh,hip,bio,net,2,-0.0238608377711738
nh,hip,bio,net,3,-0.0149420565276435
nh,hip,bio,net,4,-0.00298414365247343
nh,hip,bio,net,5,-0.0222924028468483
nh,hip,bio,net,6,-0.0882622605080114
nh,hip,bio,net,7,-0.0222034100374645
nh,hip,bio,net,8,-0.113637710154495
nh,hip,bio,net,9,-0.10294724810485
nh,hip,bio,net,10,-0.0374935595866512
nh,hip,bio,net,11,-0.0722473041318795
nh,hip,bio,net,12,-0.0595759604920578
nh,hip,bio,net,13,-0.0451381676693392
nh,hip,bio,net,14,-0.0851592944031034
dg,ank,net,neg,1,-0.808616331129363
dg,ank,net,neg,2,-0.879965224686791
dg,ank,net,neg,3,-0.832081381118659
dg,ank,net,neg,4,-0.797257929163821
dg,ank,net,neg,5,-0.593284996993401
dg,ank,net,neg,6,-0.521738547612639
dg,ank,net,neg,7,-0.729243671192842
dg,ank,net,neg,8,-0.76888353859677
dg,ank,net,neg,9,-0.915883588440278
dg,ank,net,neg,10,-0.720998495817184
dg,ank,net,neg,11,-0.718706232659957
dg,ank,net,neg,12,-0.733866924748701
dg,ank,net,neg,13,-0.594521359485738
dg,ank,net,neg,14,-0.736760824042208
dg,ank,net,pos,1,1.11354852354888
dg,ank,net,pos,2,1.1476335104774
dg,ank,net,pos,3,1.26710832480228
dg,ank,net,pos,4,1.11768360348309
dg,ank,net,pos,5,0.827936285558869
dg,ank,net,pos,6,0.90459227298989
dg,ank,net,pos,7,1.01923825547976
dg,ank,net,pos,8,1.15774639213786
dg,ank,net,pos,9,1.32926664545256
dg,ank,net,pos,10,0.998562805792865
dg,ank,net,pos,11,0.947267048499163
dg,ank,net,pos,12,0.986001240856507
dg,ank,net,pos,13,0.786086970392396
dg,ank,net,pos,14,1.09973432211315
dg,kne,net,neg,1,-0.365040006736914
dg,kne,net,neg,2,-0.170779971515431
dg,kne,net,neg,3,-0.278627862420046
dg,kne,net,neg,4,-0.22793000651633
dg,kne,net,neg,5,-0.24501970782876
dg,kne,net,neg,6,-0.555147243334967
dg,kne,net,neg,7,-0.343700668391059
dg,kne,net,neg,8,-0.214442202821374
dg,kne,net,neg,9,-0.224858772338313
dg,kne,net,neg,10,-0.30054010867196
dg,kne,net,neg,11,-0.219539468450581
dg,kne,net,neg,12,-0.288094154832994
dg,kne,net,neg,13,-0.255854991428992
dg,kne,net,neg,14,-0.192949843538158
dg,kne,net,pos,1,0.594042833555828
dg,kne,net,pos,2,0.259112283149186
dg,kne,net,pos,3,0.39861060159676
dg,kne,net,pos,4,0.392661145504783
dg,kne,net,pos,5,0.295112121850252
dg,kne,net,pos,6,0.66750924727496
dg,kne,net,pos,7,0.407238778822562
dg,kne,net,pos,8,0.287052586126853
dg,kne,net,pos,9,0.407778558704783
dg,kne,net,pos,10,0.410715052529293
dg,kne,net,pos,11,0.372683884028126
dg,kne,net,pos,12,0.602349080145359
dg,kne,net,pos,13,0.359862826545449
dg,kne,net,pos,14,0.32266613709576
dg,hip,net,neg,1,-0.089266373070352
dg,hip,net,neg,2,-0.092809129780268
dg,hip,net,neg,3,-0.173086292815931
dg,hip,net,neg,4,-0.118454233003671
dg,hip,net,neg,5,-0.0379748671000604
dg,hip,net,neg,6,-0.0745927542448044
dg,hip,net,neg,7,-0.110242139958941
dg,hip,net,neg,8,-0.192384869408082
dg,hip,net,neg,9,-0.142667580943774
dg,hip,net,neg,10,-0.0772774905267665
dg,hip,net,neg,11,-0.136602573918507
dg,hip,net,neg,12,-0.220483181669432
dg,hip,net,neg,13,-0.128239033962874
dg,hip,net,neg,14,-0.137072544216233
dg,hip,net,pos,1,0.062667702719795
dg,hip,net,pos,2,0.059047703850357
dg,hip,net,pos,3,0.12205023956344
dg,hip,net,pos,4,0.103479778174968
dg,hip,net,pos,5,0.0414078475167865
dg,hip,net,pos,6,0.102156105670421
dg,hip,net,pos,7,0.170593570041306
dg,hip,net,pos,8,0.117926852448898
dg,hip,net,pos,9,0.0844029124059221
dg,hip,net,pos,10,0.0765751302242279
dg,hip,net,pos,11,0.0931608905906186
dg,hip,net,pos,12,0.0595538624261013
dg,hip,net,pos,13,0.0568964801838293
dg,hip,net,pos,14,0.106343126472305
dg,ank,exo,neg,1,-0.312397283135038
dg,ank,exo,neg,2,-0.578122625456137
dg,ank,exo,neg,3,-0.276775518150041
dg,ank,exo,neg,4,-0.392630343489787
dg,ank,exo,neg,5,-0.321376852033769
dg,ank,exo,neg,6,-0.328403113519444
dg,ank,exo,neg,7,-0.14585610665381
dg,ank,exo,neg,8,-0.452205824063105
dg,ank,exo,neg,9,-0.343716200221987
dg,ank,exo,neg,10,-0.373750254950103
dg,ank,exo,neg,11,-0.349300739958006
dg,ank,exo,neg,12,-0.263813019017963
dg,ank,exo,neg,13,-0.351152018808267
dg,ank,exo,neg,14,-0.346091000911068
dg,ank,exo,pos,1,0.279649480274229
dg,ank,exo,pos,2,0.530581176280975
dg,ank,exo,pos,3,0.250357281755317
dg,ank,exo,pos,4,0.344565309584141
dg,ank,exo,pos,5,0.277982255553498
dg,ank,exo,pos,6,0.275602376855472
dg,ank,exo,pos,7,0.112738617969786
dg,ank,exo,pos,8,0.418050151537446
dg,ank,exo,pos,9,0.312275057329851
dg,ank,exo,pos,10,0.336982514270965
dg,ank,exo,pos,11,0.307972622049205
dg,ank,exo,pos,12,0.190170746296644
dg,ank,exo,pos,13,0.285580073647639
dg,ank,exo,pos,14,0.260561693240615
dg,kne,exo,neg,1,-0.0776193377872308
dg,kne,exo,neg,2,-0.0251000294263256
dg,kne,exo,neg,3,-0.0429977740330452
dg,kne,exo,neg,4,-0.0441054950249107
dg,kne,exo,neg,5,-0.0680323778377736
dg,kne,exo,neg,6,-0.218827302293742
dg,kne,exo,neg,7,-0.0350001634591643
dg,kne,exo,neg,8,-0.0673242637148017
dg,kne,exo,neg,9,-0.0359109448926414
dg,kne,exo,neg,10,-0.0743809915900997
dg,kne,exo,neg,11,-0.0490769555326551
dg,kne,exo,neg,12,-0.0391069487120737
dg,kne,exo,neg,13,-0.0360714512164978
dg,kne,exo,neg,14,-0.0367423292687711
dg,kne,exo,pos,1,0.0757564692899133
dg,kne,exo,pos,2,0.0229879383353845
dg,kne,exo,pos,3,0.0460823312627547
dg,kne,exo,pos,4,0.0335134263561272
dg,kne,exo,pos,5,0.0637295838609776
dg,kne,exo,pos,6,0.177406875635771
dg,kne,exo,pos,7,0.0335727030794848
dg,kne,exo,pos,8,0.0399889469639782
dg,kne,exo,pos,9,0.0407173153944314
dg,kne,exo,pos,10,0.084827075671295
dg,kne,exo,pos,11,0.054124551030862
dg,kne,exo,pos,12,0.041467315681717
dg,kne,exo,pos,13,0.0326687403927174
dg,kne,exo,pos,14,0.0326556833187009
dg,hip,exo,neg,1,-0.0135440088034198
dg,hip,exo,neg,2,-0.0487947648884181
dg,hip,exo,neg,3,-0.0463996466785444
dg,hip,exo,neg,4,-0.0529148503590156
dg,hip,exo,neg,5,-0.0289933478103622
dg,hip,exo,neg,6,-0.0336429873645744
dg,hip,exo,neg,7,-0.0554825245019268
dg,hip,exo,neg,8,-0.0820389407522538
dg,hip,exo,neg,9,-0.0368493155795423
dg,hip,exo,neg,10,-0.0248261462924454
dg,hip,exo,neg,11,-0.0620660979629439
dg,hip,exo,neg,12,-0.0591259295778239
dg,hip,exo,neg,13,-0.064314359360758
dg,hip,exo,neg,14,-0.0531109204132329
dg,hip,exo,pos,1,0.00614959088323468
dg,hip,exo,pos,2,0.0360501880538376
dg,hip,exo,pos,3,0.0354256818360282
dg,hip,exo,pos,4,0.0192700741839979
dg,hip,exo,pos,5,0.0292007323655793
dg,hip,exo,pos,6,0.0359442466322114
dg,hip,exo,pos,7,0.059425620636081
dg,hip,exo,pos,8,0.0317611492731992
dg,hip,exo,pos,9,0.0286674026797033
dg,hip,exo,pos,10,0.0261706816073617
dg,hip,exo,pos,11,0.0582598786636749
dg,hip,exo,pos,12,0.0293513937195873
dg,hip,exo,pos,13,0.0398009520243196
dg,hip,exo,pos,14,0.0271884649170234
dg,ank,bio,neg,1,-0.496219049348976
dg,ank,bio,neg,2,-0.301842599230654
dg,ank,bio,neg,3,-0.555305862065518
dg,ank,bio,neg,4,-0.404627584359225
dg,ank,bio,neg,5,-0.271908145178767
dg,ank,bio,neg,6,-0.193335434093195
dg,ank,bio,neg,7,-0.583387565963409
dg,ank,bio,neg,8,-0.316677714533666
dg,ank,bio,neg,9,-0.572167391724446
dg,ank,bio,neg,10,-0.347248240867082
dg,ank,bio,neg,11,-0.369405493140221
dg,ank,bio,neg,12,-0.470053903320256
dg,ank,bio,neg,13,-0.243369340020068
dg,ank,bio,neg,14,-0.390669823131141
dg,ank,bio,pos,1,0.833899040113796
dg,ank,bio,pos,2,0.617052334196427
dg,ank,bio,pos,3,1.01675104643359
dg,ank,bio,pos,4,0.773118292584139
dg,ank,bio,pos,5,0.54995403088191
dg,ank,bio,pos,6,0.628989896353553
dg,ank,bio,pos,7,0.906499637400403
dg,ank,bio,pos,8,0.739696236217723
dg,ank,bio,pos,9,1.01699159162886
dg,ank,bio,pos,10,0.661580290864496
dg,ank,bio,pos,11,0.639294427545632
dg,ank,bio,pos,12,0.795830491711112
dg,ank,bio,pos,13,0.500506896306487
dg,ank,bio,pos,14,0.839172631502151
dg,kne,bio,neg,1,-0.287420668611021
dg,kne,bio,neg,2,-0.145679942277424
dg,kne,bio,neg,3,-0.235630087667342
dg,kne,bio,neg,4,-0.183824512559701
dg,kne,bio,neg,5,-0.176987330812742
dg,kne,bio,neg,6,-0.336319940712522
dg,kne,bio,neg,7,-0.30870050411014
dg,kne,bio,neg,8,-0.147117938955917
dg,kne,bio,neg,9,-0.188947826843051
dg,kne,bio,neg,10,-0.226159115924555
dg,kne,bio,neg,11,-0.170462513232932
dg,kne,bio,neg,12,-0.248987206641366
dg,kne,bio,neg,13,-0.219783541582087
dg,kne,bio,neg,14,-0.156207514050252
dg,kne,bio,pos,1,0.518286366354335
dg,kne,bio,pos,2,0.236124344827498
dg,kne,bio,pos,3,0.352528268866467
dg,kne,bio,pos,4,0.359147719600621
dg,kne,bio,pos,5,0.23138253807145
dg,kne,bio,pos,6,0.490102370433948
dg,kne,bio,pos,7,0.373666077194845
dg,kne,bio,pos,8,0.247063638532863
dg,kne,bio,pos,9,0.367061243556878
dg,kne,bio,pos,10,0.325887976871694
dg,kne,bio,pos,11,0.318559331052444
dg,kne,bio,pos,12,0.560881761943593
dg,kne,bio,pos,13,0.327194087207317
dg,kne,bio,pos,14,0.290010455995798
dg,hip,bio,neg,1,-0.0757223644265623
dg,hip,bio,neg,2,-0.0440143649466336
dg,hip,bio,neg,3,-0.12668664544595
dg,hip,bio,neg,4,-0.0655393826172632
dg,hip,bio,neg,5,-0.00898151928285027
dg,hip,bio,neg,6,-0.0409497668528382
dg,hip,bio,neg,7,-0.0547596152926631
dg,hip,bio,neg,8,-0.110345928327126
dg,hip,bio,neg,9,-0.105818265665542
dg,hip,bio,neg,10,-0.0524513435084373
dg,hip,bio,neg,11,-0.0745364761746982
dg,hip,bio,neg,12,-0.16135725137942
dg,hip,bio,neg,13,-0.0639246748760343
dg,hip,bio,neg,14,-0.0839616236112574
dg,hip,bio,pos,1,0.0565181117448391
dg,hip,bio,pos,2,0.0229975158239112
dg,hip,bio,pos,3,0.0866245573499438
dg,hip,bio,pos,4,0.0842097047716379
dg,hip,bio,pos,5,0.0122071152333828
dg,hip,bio,pos,6,0.066211859421695
dg,hip,bio,pos,7,0.111167948802604
dg,hip,bio,pos,8,0.0861657032304827
dg,hip,bio,pos,9,0.055735509705675
dg,hip,bio,pos,10,0.0504044489387204
dg,hip,bio,pos,11,0.0349010120912948
dg,hip,bio,pos,12,0.0302024685969467
dg,hip,bio,pos,13,0.0170955281595097
dg,hip,bio,pos,14,0.0791546614731059
dg,ank,net,net,1,0.304932192419515
dg,ank,net,net,2,0.267668285790612
dg,ank,net,net,3,0.435026943683624
dg,ank,net,net,4,0.320425674319267
dg,ank,net,net,5,0.234651288565467
dg,ank,net,net,6,0.382853725377251
dg,ank,net,net,7,0.289994584286914
dg,ank,net,net,8,0.388862853541094
dg,ank,net,net,9,0.413383057012278
dg,ank,net,net,10,0.27756430997568
dg,ank,net,net,11,0.228560815839206
dg,ank,net,net,12,0.252134316107806
dg,ank,net,net,13,0.191565610906657
dg,ank,net,net,14,0.362973498070941
dg,kne,net,net,1,0.229002826818914
dg,kne,net,net,2,0.0883323116337552
dg,kne,net,net,3,0.119982739176714
dg,kne,net,net,4,0.164731138988453
dg,kne,net,net,5,0.050092414021492
dg,kne,net,net,6,0.112362003939993
dg,kne,net,net,7,0.0635381104315028
dg,kne,net,net,8,0.0726103833054795
dg,kne,net,net,9,0.18291978636647
dg,kne,net,net,10,0.110174943857333
dg,kne,net,net,11,0.153144415577545
dg,kne,net,net,12,0.314254925312365
dg,kne,net,net,13,0.104007835116457
dg,kne,net,net,14,0.129716293557602
dg,hip,net,net,1,-0.026598670350557
dg,hip,net,net,2,-0.033761425929911
dg,hip,net,net,3,-0.0510360532524911
dg,hip,net,net,4,-0.0149744548287024
dg,hip,net,net,5,0.0034329804167261
dg,hip,net,net,6,0.0275633514256162
dg,hip,net,net,7,0.060351430082365
dg,hip,net,net,8,-0.0744580169591833
dg,hip,net,net,9,-0.0582646685378516
dg,hip,net,net,10,-0.000702360302538563
dg,hip,net,net,11,-0.0434416833278888
dg,hip,net,net,12,-0.16092931924333
dg,hip,net,net,13,-0.0713425537790446
dg,hip,net,net,14,-0.0307294177439283
dg,ank,exo,net,1,-0.0327478028608091
dg,ank,exo,net,2,-0.0475414491751615
dg,ank,exo,net,3,-0.0264182363947232
dg,ank,exo,net,4,-0.0480650339056464
dg,ank,exo,net,5,-0.0433945964802714
dg,ank,exo,net,6,-0.0528007366639726
dg,ank,exo,net,7,-0.0331174886840231
dg,ank,exo,net,8,-0.0341556725256583
dg,ank,exo,net,9,-0.0314411428921363
dg,ank,exo,net,10,-0.0367677406791378
dg,ank,exo,net,11,-0.0413281179088004
dg,ank,exo,net,12,-0.0736422727213186
dg,ank,exo,net,13,-0.0655719451606274
dg,ank,exo,net,14,-0.085529307670453
dg,kne,exo,net,1,-0.00186286849731748
dg,kne,exo,net,2,-0.00211209109094104
dg,kne,exo,net,3,0.00308455722970944
dg,kne,exo,net,4,-0.0105920686687836
dg,kne,exo,net,5,-0.00430279397679603
dg,kne,exo,net,6,-0.0414204266579712
dg,kne,exo,net,7,-0.00142746037967941
dg,kne,exo,net,8,-0.0273353167508236
dg,kne,exo,net,9,0.00480637050178997
dg,kne,exo,net,10,0.0104460840811953
dg,kne,exo,net,11,0.00504759549820686
dg,kne,exo,net,12,0.00236036696964326
dg,kne,exo,net,13,-0.00340271082378048
dg,kne,exo,net,14,-0.0040866459500702
dg,hip,exo,net,1,-0.00739441792018514
dg,hip,exo,net,2,-0.0127445768345805
dg,hip,exo,net,3,-0.0109739648425161
dg,hip,exo,net,4,-0.0336447761750177
dg,hip,exo,net,5,0.000207384555217096
dg,hip,exo,net,6,0.00230125926763696
dg,hip,exo,net,7,0.00394309613415424
dg,hip,exo,net,8,-0.0502777914790546
dg,hip,exo,net,9,-0.00818191289983909
dg,hip,exo,net,10,0.00134453531491625
dg,hip,exo,net,11,-0.00380621929926907
dg,hip,exo,net,12,-0.0297745358582367
dg,hip,exo,net,13,-0.0245134073364384
dg,hip,exo,net,14,-0.0259224554962095
dg,ank,bio,net,1,0.33767999076482
dg,ank,bio,net,2,0.315209734965773
dg,ank,bio,net,3,0.461445184368076
dg,ank,bio,net,4,0.368490708224914
dg,ank,bio,net,5,0.278045885703143
dg,ank,bio,net,6,0.435654462260358
dg,ank,bio,net,7,0.323112071436994
dg,ank,bio,net,8,0.423018521684058
dg,ank,bio,net,9,0.444824199904414
dg,ank,bio,net,10,0.314332049997414
dg,ank,bio,net,11,0.269888934405411
dg,ank,bio,net,12,0.325776588390855
dg,ank,bio,net,13,0.257137556286419
dg,ank,bio,net,14,0.448502808371011
dg,kne,bio,net,1,0.230865697743315
dg,kne,bio,net,2,0.0904444025500732
dg,kne,bio,net,3,0.116898181199124
dg,kne,bio,net,4,0.17532320704092
dg,kne,bio,net,5,0.0543952072587083
dg,kne,bio,net,6,0.153782429721426
dg,kne,bio,net,7,0.064965573084705
dg,kne,bio,net,8,0.0999456995769459
dg,kne,bio,net,9,0.178113416713827
dg,kne,bio,net,10,0.0997288609471391
dg,kne,bio,net,11,0.148096817819511
dg,kne,bio,net,12,0.311894555302227
dg,kne,bio,net,13,0.107410545625231
dg,kne,bio,net,14,0.133802941945546
dg,hip,bio,net,1,-0.0192042526817232
dg,hip,bio,net,2,-0.0210168491227224
dg,hip,bio,net,3,-0.0400620880960063
dg,hip,bio,net,4,0.0186703221543747
dg,hip,bio,net,5,0.00322559595053249
dg,hip,bio,net,6,0.0252620925688568
dg,hip,bio,net,7,0.0564083335099413
dg,hip,bio,net,8,-0.024180225096643
dg,hip,bio,net,9,-0.0500827559598667
dg,hip,bio,net,10,-0.00204689456971691
dg,hip,bio,net,11,-0.0396354640834034
dg,hip,bio,net,12,-0.131154782782473
dg,hip,bio,net,13,-0.0468291467165246
dg,hip,bio,net,14,-0.00480696213815143
ln,ank,net,neg,1,-0.664631631444482
ln,ank,net,neg,2,-0.698003106257495
ln,ank,net,neg,3,-0.600663455970147
ln,ank,net,neg,4,-0.835396121529972
ln,ank,net,neg,5,-0.729371243539979
ln,ank,net,neg,6,-0.708880983293056
ln,ank,net,neg,7,-0.759507723152637
ln,ank,net,neg,8,-0.874110242899726
ln,ank,net,neg,9,-0.761613787973628
ln,ank,net,neg,10,-0.777642162407146
ln,ank,net,neg,11,-0.730619199135724
ln,ank,net,neg,12,-0.782819783862899
ln,ank,net,neg,13,-0.818685402764994
ln,ank,net,neg,14,-0.746955799705842
ln,ank,net,pos,1,0.998520146397983
ln,ank,net,pos,2,0.889747569666189
ln,ank,net,pos,3,0.881023694487179
ln,ank,net,pos,4,1.15187483324724
ln,ank,net,pos,5,1.04536548256874
ln,ank,net,pos,6,1.13951509840348
ln,ank,net,pos,7,1.01259936041692
ln,ank,net,pos,8,1.28959375532234
ln,ank,net,pos,9,1.18102812065798
ln,ank,net,pos,10,1.13218057506225
ln,ank,net,pos,11,1.06115925049081
ln,ank,net,pos,12,1.07309304265415
ln,ank,net,pos,13,1.02666888342184
ln,ank,net,pos,14,1.06048194976414
ln,kne,net,neg,1,-0.375211739145658
ln,kne,net,neg,2,-0.381898026475135
ln,kne,net,neg,3,-0.39497463996796
ln,kne,net,neg,4,-0.232395068139714
ln,kne,net,neg,5,-0.227226269047926
ln,kne,net,neg,6,-0.355160187710734
ln,kne,net,neg,7,-0.244238176218727
ln,kne,net,neg,8,-0.243568163474693
ln,kne,net,neg,9,-0.326317860142273
ln,kne,net,neg,10,-0.278199929305736
ln,kne,net,neg,11,-0.206969942568856
ln,kne,net,neg,12,-0.242477487334434
ln,kne,net,neg,13,-0.130333210834685
ln,kne,net,neg,14,-0.14395106320872
ln,kne,net,pos,1,0.500358424642507
ln,kne,net,pos,2,0.61911469128202
ln,kne,net,pos,3,0.579913716982393
ln,kne,net,pos,4,0.386484353419612
ln,kne,net,pos,5,0.282067177050254
ln,kne,net,pos,6,0.561925911289804
ln,kne,net,pos,7,0.32573999004329
ln,kne,net,pos,8,0.497179336407605
ln,kne,net,pos,9,0.464135355370886
ln,kne,net,pos,10,0.468207989545429
ln,kne,net,pos,11,0.365207174025914
ln,kne,net,pos,12,0.537380445529433
ln,kne,net,pos,13,0.220794277923072
ln,kne,net,pos,14,0.325619394069209
ln,hip,net,neg,1,-0.0393040270530893
ln,hip,net,neg,2,-0.114435451324372
ln,hip,net,neg,3,-0.090579145204495
ln,hip,net,neg,4,-0.0817916327676571
ln,hip,net,neg,5,-0.0509858435800518
ln,hip,net,neg,6,-0.0953949351438924
ln,hip,net,neg,7,-0.0599386845578385
ln,hip,net,neg,8,-0.272241196211647
ln,hip,net,neg,9,-0.164071172147113
ln,hip,net,neg,10,-0.0819090966491357
ln,hip,net,neg,11,-0.137062305474983
ln,hip,net,neg,12,-0.221742153496427
ln,hip,net,neg,13,-0.0620050737428862
ln,hip,net,neg,14,-0.130889720831285
ln,hip,net,pos,1,0.023261031937128
ln,hip,net,pos,2,0.0656508148702628
ln,hip,net,pos,3,0.0453936939593405
ln,hip,net,pos,4,0.0635484068325776
ln,hip,net,pos,5,0.0406023158061811
ln,hip,net,pos,6,0.0582386228420279
ln,hip,net,pos,7,0.0874118660302723
ln,hip,net,pos,8,0.0683811759740552
ln,hip,net,pos,9,0.0772935201906983
ln,hip,net,pos,10,0.0577901239123415
ln,hip,net,pos,11,0.0352274527334992
ln,hip,net,pos,12,0.0342868913293761
ln,hip,net,pos,13,0.0417546234230566
ln,hip,net,pos,14,0.0131448971275377
ln,ank,exo,neg,1,-0.25686135208782
ln,ank,exo,neg,2,-0.234500809627421
ln,ank,exo,neg,3,-0.174513604711084
ln,ank,exo,neg,4,-0.308506505016018
ln,ank,exo,neg,5,-0.277355523451286
ln,ank,exo,neg,6,-0.284410293926211
ln,ank,exo,neg,7,-0.15750795537058
ln,ank,exo,neg,8,-0.293728890883572
ln,ank,exo,neg,9,-0.173795328420751
ln,ank,exo,neg,10,-0.296734587892013
ln,ank,exo,neg,11,-0.290593198774492
ln,ank,exo,neg,12,-0.184296364731648
ln,ank,exo,neg,13,-0.288433663547039
ln,ank,exo,neg,14,-0.19892042042578
ln,ank,exo,pos,1,0.251203097403049
ln,ank,exo,pos,2,0.242204421583344
ln,ank,exo,pos,3,0.183190363733207
ln,ank,exo,pos,4,0.302632709198138
ln,ank,exo,pos,5,0.275746479411336
ln,ank,exo,pos,6,0.300860843018574
ln,ank,exo,pos,7,0.200310781598091
ln,ank,exo,pos,8,0.291571861680816
ln,ank,exo,pos,9,0.171340512988322
ln,ank,exo,pos,10,0.328577631536652
ln,ank,exo,pos,11,0.296888590735548
ln,ank,exo,pos,12,0.170295341707328
ln,ank,exo,pos,13,0.260111867943231
ln,ank,exo,pos,14,0.184600940083756
ln,kne,exo,neg,1,-0.0661447684773627
ln,kne,exo,neg,2,-0.10416494441383
ln,kne,exo,neg,3,-0.135350278962184
ln,kne,exo,neg,4,-0.047040259328616
ln,kne,exo,neg,5,-0.0502889818539295
ln,kne,exo,neg,6,-0.0842343155732926
ln,kne,exo,neg,7,-0.0469606445609208
ln,kne,exo,neg,8,-0.0481139846858295
ln,kne,exo,neg,9,-0.056907865602304
ln,kne,exo,neg,10,-0.0907682551290182
ln,kne,exo,neg,11,-0.042154283303877
ln,kne,exo,neg,12,-0.0300907325547408
ln,kne,exo,neg,13,-0.0458752591409447
ln,kne,exo,neg,14,-0.0312273003955317
ln,kne,exo,pos,1,0.0668097773073789
ln,kne,exo,pos,2,0.122154603767044
ln,kne,exo,pos,3,0.138155777938664
ln,kne,exo,pos,4,0.037859103998498
ln,kne,exo,pos,5,0.0477197426919113
ln,kne,exo,pos,6,0.0903106475495459
ln,kne,exo,pos,7,0.0347307140267838
ln,kne,exo,pos,8,0.0226190537488198
ln,kne,exo,pos,9,0.0557205599239644
ln,kne,exo,pos,10,0.0982441638103303
ln,kne,exo,pos,11,0.0515017831588493
ln,kne,exo,pos,12,0.0238058398039464
ln,kne,exo,pos,13,0.023232826972911
ln,kne,exo,pos,14,0.021520362879314
ln,hip,exo,neg,1,-0.0144455399884678
ln,hip,exo,neg,2,-0.0379826967220973
ln,hip,exo,neg,3,-0.0337011368863065
ln,hip,exo,neg,4,-0.0537736896042
ln,hip,exo,neg,5,-0.0278593605137704
ln,hip,exo,neg,6,-0.0450829586342854
ln,hip,exo,neg,7,-0.0828081930932753
ln,hip,exo,neg,8,-0.0783399336368722
ln,hip,exo,neg,9,-0.0405835928669309
ln,hip,exo,neg,10,-0.033361362745328
ln,hip,exo,neg,11,-0.074357272399699
ln,hip,exo,neg,12,-0.0506279914749458
ln,hip,exo,neg,13,-0.027595160433146
ln,hip,exo,neg,14,-0.0467677417978206
ln,hip,exo,pos,1,0.00467065998236649
ln,hip,exo,pos,2,0.0256866342319614
ln,hip,exo,pos,3,0.0169461099687717
ln,hip,exo,pos,4,0.0155707511379767
ln,hip,exo,pos,5,0.020103142471806
ln,hip,exo,pos,6,0.0130034336710677
ln,hip,exo,pos,7,0.0247637191924321
ln,hip,exo,pos,8,0.011290761994828
ln,hip,exo,pos,9,0.0361292422406704
ln,hip,exo,pos,10,0.0124219102902263
ln,hip,exo,pos,11,0.0338104838532779
ln,hip,exo,pos,12,0.0135387071435723
ln,hip,exo,pos,13,0.00426321887554128
ln,hip,exo,pos,14,0.00533398730262621
ln,ank,bio,neg,1,-0.407770281328874
ln,ank,bio,neg,2,-0.463502298821421
ln,ank,bio,neg,3,-0.426149851697333
ln,ank,bio,neg,4,-0.526889614322606
ln,ank,bio,neg,5,-0.452015717239941
ln,ank,bio,neg,6,-0.424470688052037
ln,ank,bio,neg,7,-0.601999768001192
ln,ank,bio,neg,8,-0.580381349167403
ln,ank,bio,neg,9,-0.587818460429416
ln,ank,bio,neg,10,-0.480907574734267
ln,ank,bio,neg,11,-0.440026001895175
ln,ank,bio,neg,12,-0.598523423952215
ln,ank,bio,neg,13,-0.530251740532763
ln,ank,bio,neg,14,-0.548035379280062
ln,ank,bio,pos,1,0.747317051624551
ln,ank,bio,pos,2,0.647543148082845
ln,ank,bio,pos,3,0.69783333206878
ln,ank,bio,pos,4,0.84924212624045
ln,ank,bio,pos,5,0.769619006882696
ln,ank,bio,pos,6,0.838654254289234
ln,ank,bio,pos,7,0.812288577065748
ln,ank,bio,pos,8,0.998021886629217
ln,ank,bio,pos,9,1.00968760777922
ln,ank,bio,pos,10,0.80360294703175
ln,ank,bio,pos,11,0.764270660631797
ln,ank,bio,pos,12,0.902797700727687
ln,ank,bio,pos,13,0.766557012410725
ln,ank,bio,pos,14,0.875881010995192
ln,kne,bio,neg,1,-0.309066970120458
ln,kne,bio,neg,2,-0.27773308184217
ln,kne,bio,neg,3,-0.259624359800535
ln,kne,bio,neg,4,-0.185354809550678
ln,kne,bio,neg,5,-0.176937287454219
ln,kne,bio,neg,6,-0.270925872247009
ln,kne,bio,neg,7,-0.197277531685198
ln,kne,bio,neg,8,-0.195454180350198
ln,kne,bio,neg,9,-0.269409993882565
ln,kne,bio,neg,10,-0.187431675217607
ln,kne,bio,neg,11,-0.164815659141716
ln,kne,bio,neg,12,-0.21238675384837
ln,kne,bio,neg,13,-0.0844579518717878
ln,kne,bio,neg,14,-0.112723762881668
ln,kne,bio,pos,1,0.433548647910357
ln,kne,bio,pos,2,0.496960086857571
ln,kne,bio,pos,3,0.441757938002839
ln,kne,bio,pos,4,0.348625248407616
ln,kne,bio,pos,5,0.234347434604869
ln,kne,bio,pos,6,0.471615266931408
ln,kne,bio,pos,7,0.291009275023552
ln,kne,bio,pos,8,0.474560283124447
ln,kne,bio,pos,9,0.408414794241681
ln,kne,bio,pos,10,0.36996382694034
ln,kne,bio,pos,11,0.313705390428796
ln,kne,bio,pos,12,0.513574605040691
ln,kne,bio,pos,13,0.197561451507842
ln,kne,bio,pos,14,0.304099032874493
ln,hip,bio,neg,1,-0.0248584869413582
ln,hip,bio,neg,2,-0.0764527544927071
ln,hip,bio,neg,3,-0.0568780081401415
ln,hip,bio,neg,4,-0.0280179431223694
ln,hip,bio,neg,5,-0.0231264830183457
ln,hip,bio,neg,6,-0.0503119768246132
ln,hip,bio,neg,7,0.0228695085491328
ln,hip,bio,neg,8,-0.193901262848693
ln,hip,bio,neg,9,-0.123487578814521
ln,hip,bio,neg,10,-0.0485477337531526
ln,hip,bio,neg,11,-0.0627050332396346
ln,hip,bio,neg,12,-0.171114162815844
ln,hip,bio,neg,13,-0.0344099135357229
ln,hip,bio,neg,14,-0.0841219791704241
ln,hip,bio,pos,1,0.0185903721037047
ln,hip,bio,pos,2,0.039964180713629
ln,hip,bio,pos,3,0.0284475840710323
ln,hip,bio,pos,4,0.0479776556877529
ln,hip,bio,pos,5,0.0204991734011427
ln,hip,bio,pos,6,0.0452351890340009
ln,hip,bio,pos,7,0.0626481471802382
ln,hip,bio,pos,8,0.0570904140031951
ln,hip,bio,pos,9,0.041164278271882
ln,hip,bio,pos,10,0.0453682133708807
ln,hip,bio,pos,11,0.00141696894870085
ln,hip,bio,pos,12,0.0207481841721079
ln,hip,bio,pos,13,0.0374914044377339
ln,hip,bio,pos,14,0.00781090988996713
ln,ank,net,net,1,0.333888514953501
ln,ank,net,net,2,0.191744463408695
ln,ank,net,net,3,0.280360238517032
ln,ank,net,net,4,0.316478711717269
ln,ank,net,net,5,0.315994239028762
ln,ank,net,net,6,0.430634115110425
ln,ank,net,net,7,0.25309163726428
ln,ank,net,net,8,0.415483512422618
ln,ank,net,net,9,0.419414332684349
ln,ank,net,net,10,0.354538412655101
ln,ank,net,net,11,0.330540051355081
ln,ank,net,net,12,0.29027325879125
ln,ank,net,net,13,0.207983480656848
ln,ank,net,net,14,0.313526150058298
ln,kne,net,net,1,0.125146685496849
ln,kne,net,net,2,0.237216664806885
ln,kne,net,net,3,0.184939077014432
ln,kne,net,net,4,0.154089285279898
ln,kne,net,net,5,0.0548409080023275
ln,kne,net,net,6,0.20676572357907
ln,kne,net,net,7,0.0815018138245625
ln,kne,net,net,8,0.253611172932912
ln,kne,net,net,9,0.137817495228613
ln,kne,net,net,10,0.190008060239694
ln,kne,net,net,11,0.158237231457058
ln,kne,net,net,12,0.294902958194999
ln,kne,net,net,13,0.0904610670883866
ln,kne,net,net,14,0.181668330860489
ln,hip,net,net,1,-0.0160429951159612
ln,hip,net,net,2,-0.0487846364541089
ln,hip,net,net,3,-0.0451854512451545
ln,hip,net,net,4,-0.0182432259350796
ln,hip,net,net,5,-0.0103835277738707
ln,hip,net,net,6,-0.0371563123018645
ln,hip,net,net,7,0.0274731814724338
ln,hip,net,net,8,-0.203860020237591
ln,hip,net,net,9,-0.0867776519564145
ln,hip,net,net,10,-0.0241189727367943
ln,hip,net,net,11,-0.101834852741483
ln,hip,net,net,12,-0.187455262167051
ln,hip,net,net,13,-0.0202504503198297
ln,hip,net,net,14,-0.117744823703748
ln,ank,exo,net,1,-0.00565825468477082
ln,ank,exo,net,2,0.0077036119559232
ln,ank,exo,net,3,0.0086767590221237
ln,ank,exo,net,4,-0.00587379581788006
ln,ank,exo,net,5,-0.00160904403995066
ln,ank,exo,net,6,0.0164505490923629
ln,ank,exo,net,7,0.0428028262275107
ln,ank,exo,net,8,-0.00215702920275573
ln,ank,exo,net,9,-0.00245481543242931
ln,ank,exo,net,10,0.0318430436446386
ln,ank,exo,net,11,0.00629539196105566
ln,ank,exo,net,12,-0.0140010230243206
ln,ank,exo,net,13,-0.0283217956038082
ln,ank,exo,net,14,-0.0143194803420235
ln,kne,exo,net,1,0.000665008830016162
ln,kne,exo,net,2,0.0179896593532141
ln,kne,exo,net,3,0.00280549897647955
ln,kne,exo,net,4,-0.00918115533011801
ln,kne,exo,net,5,-0.0025692391620182
ln,kne,exo,net,6,0.00607633197625332
ln,kne,exo,net,7,-0.0122299305341371
ln,kne,exo,net,8,-0.0254949309370097
ln,kne,exo,net,9,-0.00118730567833956
ln,kne,exo,net,10,0.00747590868131204
ln,kne,exo,net,11,0.00934749985497226
ln,kne,exo,net,12,-0.0062848927507944
ln,kne,exo,net,13,-0.0226424321680337
ln,kne,exo,net,14,-0.00970693751621772
ln,hip,exo,net,1,-0.00977488000610131
ln,hip,exo,net,2,-0.0122960624901359
ln,hip,exo,net,3,-0.0167550269175348
ln,hip,exo,net,4,-0.0382029384662233
ln,hip,exo,net,5,-0.00775621804196442
ln,hip,exo,net,6,-0.0320795249632176
ln,hip,exo,net,7,-0.0580444739008432
ln,hip,exo,net,8,-0.0670491716420442
ln,hip,exo,net,9,-0.00445435062626048
ln,hip,exo,net,10,-0.0209394524551017
ln,hip,exo,net,11,-0.0405467885464211
ln,hip,exo,net,12,-0.0370892843313734
ln,hip,exo,net,13,-0.0233319415576047
ln,hip,exo,net,14,-0.0414337544951944
ln,ank,bio,net,1,0.339546770295676
ln,ank,bio,net,2,0.184040849261424
ln,ank,bio,net,3,0.271683480371447
ln,ank,bio,net,4,0.322352511917844
ln,ank,bio,net,5,0.317603289642755
ln,ank,bio,net,6,0.414183566237197
ln,ank,bio,net,7,0.210288809064557
ln,ank,bio,net,8,0.417640537461814
ln,ank,bio,net,9,0.421869147349806
ln,ank,bio,net,10,0.322695372297483
ln,ank,bio,net,11,0.324244658736622
ln,ank,bio,net,12,0.304274276775472
ln,ank,bio,net,13,0.236305271877962
ln,ank,bio,net,14,0.327845631715129
ln,kne,bio,net,1,0.124481677789898
ln,kne,bio,net,2,0.219227005015401
ln,kne,bio,net,3,0.182133578202304
ln,kne,bio,net,4,0.163270438856938
ln,kne,bio,net,5,0.0574101471506497
ln,kne,bio,net,6,0.200689394684399
ln,kne,bio,net,7,0.0937317433383535
ln,kne,bio,net,8,0.279106102774248
ln,kne,bio,net,9,0.139004800359116
ln,kne,bio,net,10,0.182532151722733
ln,kne,bio,net,11,0.14888973128708
ln,kne,bio,net,12,0.30118785119232
ln,kne,bio,net,13,0.113103499636054
ln,kne,bio,net,14,0.191375269992825
ln,hip,bio,net,1,-0.0062681148376535
ln,hip,bio,net,2,-0.0364885737790781
ln,hip,bio,net,3,-0.0284304240691092
ln,hip,bio,net,4,0.0199597125653835
ln,hip,bio,net,5,-0.00262730961720295
ln,hip,bio,net,6,-0.00507678779061226
ln,hip,bio,net,7,0.085517655729371
ln,hip,bio,net,8,-0.136810848845498
ln,hip,bio,net,9,-0.0823233005426386
ln,hip,bio,net,10,-0.00317952038227198
ln,hip,bio,net,11,-0.0612880642909337
ln,hip,bio,net,12,-0.150365978643736
ln,hip,bio,net,13,0.00308149090201101
ln,hip,bio,net,14,-0.076311069280457
pg,ank,net,neg,1,-0.615175742875127
pg,ank,net,neg,2,-0.623006635290735
pg,ank,net,neg,3,-0.622176181744127
pg,ank,net,neg,4,-0.837388304226539
pg,ank,net,neg,5,-0.680204857798184
pg,ank,net,neg,6,-0.627458887941697
pg,ank,net,neg,7,-0.858936932595337
pg,ank,net,neg,8,-0.829946138402995
pg,ank,net,neg,9,-0.85218445167822
pg,ank,net,neg,10,-0.741675942697946
pg,ank,net,neg,11,-0.609339086448445
pg,ank,net,neg,12,-0.803582751575638
pg,ank,net,neg,13,-0.840368111343945
pg,ank,net,neg,14,-0.726695545455989
pg,ank,net,pos,1,0.953273462898591
pg,ank,net,pos,2,0.834975830772344
pg,ank,net,pos,3,0.88823817933307
pg,ank,net,pos,4,1.16042872211512
pg,ank,net,pos,5,0.960036389091436
pg,ank,net,pos,6,1.05658364821883
pg,ank,net,pos,7,1.15670695024378
pg,ank,net,pos,8,1.25924807874595
pg,ank,net,pos,9,1.32410758207826
pg,ank,net,pos,10,1.05699532961144
pg,ank,net,pos,11,0.863707043668803
pg,ank,net,pos,12,1.11742786537198
pg,ank,net,pos,13,1.11076815338696
pg,ank,net,pos,14,1.10578848684535
pg,kne,net,neg,1,-0.546411383239662
pg,kne,net,neg,2,-0.426302922999158
pg,kne,net,neg,3,-0.383334544651649
pg,kne,net,neg,4,-0.234319404315423
pg,kne,net,neg,5,-0.31290995263878
pg,kne,net,neg,6,-0.503373251680066
pg,kne,net,neg,7,-0.233224040664294
pg,kne,net,neg,8,-0.302795766031041
pg,kne,net,neg,9,-0.273482072769719
pg,kne,net,neg,10,-0.3449321235804
pg,kne,net,neg,11,-0.323694009552984
pg,kne,net,neg,12,-0.254039416856626
pg,kne,net,neg,13,-0.245073923074147
pg,kne,net,neg,14,-0.135804432608625
pg,kne,net,pos,1,0.670599434743909
pg,kne,net,pos,2,0.67323212281746
pg,kne,net,pos,3,0.542480290812605
pg,kne,net,pos,4,0.411852189284914
pg,kne,net,pos,5,0.439314048518153
pg,kne,net,pos,6,0.775468224111725
pg,kne,net,pos,7,0.322390018578838
pg,kne,net,pos,8,0.551721826633986
pg,kne,net,pos,9,0.502137423876454
pg,kne,net,pos,10,0.505143431617933
pg,kne,net,pos,11,0.477464317398913
pg,kne,net,pos,12,0.493778856361614
pg,kne,net,pos,13,0.39919398177196
pg,kne,net,pos,14,0.300026962643161
pg,hip,net,neg,1,-0.0294333463329274
pg,hip,net,neg,2,-0.13003767226987
pg,hip,net,neg,3,-0.0925442521076869
pg,hip,net,neg,4,-0.0883148039472016
pg,hip,net,neg,5,-0.0884258744635564
pg,hip,net,neg,6,-0.148968381588073
pg,hip,net,neg,7,-0.076799304340966
pg,hip,net,neg,8,-0.307470079949673
pg,hip,net,neg,9,-0.289091513218249
pg,hip,net,neg,10,-0.142376051722642
pg,hip,net,neg,11,-0.15488547552377
pg,hip,net,neg,12,-0.164432774571811
pg,hip,net,neg,13,-0.134297074941809
pg,hip,net,neg,14,-0.128259059534792
pg,hip,net,pos,1,0.020593530327246
pg,hip,net,pos,2,0.0720066914389677
pg,hip,net,pos,3,0.0442665584440179
pg,hip,net,pos,4,0.0554610659258769
pg,hip,net,pos,5,0.0534924695761326
pg,hip,net,pos,6,0.0699349656043684
pg,hip,net,pos,7,0.0398908639874528
pg,hip,net,pos,8,0.0645894865121912
pg,hip,net,pos,9,0.104877797941513
pg,hip,net,pos,10,0.0538427573080887
pg,hip,net,pos,11,0.0340313079445075
pg,hip,net,pos,12,0.0263187383397428
pg,hip,net,pos,13,0.0412524102310486
pg,hip,net,pos,14,0.0187796255066881
pg,ank,exo,neg,1,-0.11245039949084
pg,ank,exo,neg,2,-0.101634655093007
pg,ank,exo,neg,3,-0.0768819528577082
pg,ank,exo,neg,4,-0.1845663189888
pg,ank,exo,neg,5,-0.109340291798991
pg,ank,exo,neg,6,-0.117095507023966
pg,ank,exo,neg,7,-0.0942491193247192
pg,ank,exo,neg,8,-0.139810541096856
pg,ank,exo,neg,9,-0.0979001563699806
pg,ank,exo,neg,10,-0.118484303410001
pg,ank,exo,neg,11,-0.113521060961134
pg,ank,exo,neg,12,-0.105845781919711
pg,ank,exo,neg,13,-0.128924432155841
pg,ank,exo,neg,14,-0.0922397956909502
pg,ank,exo,pos,1,0.114776473382817
pg,ank,exo,pos,2,0.102715195978389
pg,ank,exo,pos,3,0.0895029792342992
pg,ank,exo,pos,4,0.167089086464223
pg,ank,exo,pos,5,0.0974499047459925
pg,ank,exo,pos,6,0.122005967752022
pg,ank,exo,pos,7,0.0975676387110177
pg,ank,exo,pos,8,0.129907237584977
pg,ank,exo,pos,9,0.0923724307076019
pg,ank,exo,pos,10,0.122260238537017
pg,ank,exo,pos,11,0.117987876210143
pg,ank,exo,pos,12,0.0935668036999071
pg,ank,exo,pos,13,0.101772141588085
pg,ank,exo,pos,14,0.0886034076923833
pg,kne,exo,neg,1,-0.0918161854257478
pg,kne,exo,neg,2,-0.0569821858011624
pg,kne,exo,neg,3,-0.0592705166405615
pg,kne,exo,neg,4,-0.0245848162483205
pg,kne,exo,neg,5,-0.0392200493335943
pg,kne,exo,neg,6,-0.0726456083631253
pg,kne,exo,neg,7,-0.0179089803988224
pg,kne,exo,neg,8,-0.0209362098454114
pg,kne,exo,neg,9,-0.0237789282725905
pg,kne,exo,neg,10,-0.0425016461077201
pg,kne,exo,neg,11,-0.0403717547682497
pg,kne,exo,neg,12,-0.0186450214755228
pg,kne,exo,neg,13,-0.0174781386740506
pg,kne,exo,neg,14,-0.0172381084138418
pg,kne,exo,pos,1,0.0703413795460673
pg,kne,exo,pos,2,0.0679266708629096
pg,kne,exo,pos,3,0.0553142597953625
pg,kne,exo,pos,4,0.017970530425801
pg,kne,exo,pos,5,0.0338098475819125
pg,kne,exo,pos,6,0.0752078579629169
pg,kne,exo,pos,7,0.0122165086658617
pg,kne,exo,pos,8,0.012301675064544
pg,kne,exo,pos,9,0.0237104079056093
pg,kne,exo,pos,10,0.0434828114641063
pg,kne,exo,pos,11,0.0350063679027645
pg,kne,exo,pos,12,0.0125488978262772
pg,kne,exo,pos,13,0.0131819383583634
pg,kne,exo,pos,14,0.00946319213493125
pg,hip,exo,neg,1,-0.00542579100275522
pg,hip,exo,neg,2,-0.022736363030751
pg,hip,exo,neg,3,-0.0147692488698179
pg,hip,exo,neg,4,-0.0334795777110712
pg,hip,exo,neg,5,-0.0189361796741757
pg,hip,exo,neg,6,-0.030602225650321
pg,hip,exo,neg,7,-0.030656529152218
pg,hip,exo,neg,8,-0.0427580709733507
pg,hip,exo,neg,9,-0.0317514000241371
pg,hip,exo,neg,10,-0.0280544830431395
pg,hip,exo,neg,11,-0.0452945502748822
pg,hip,exo,neg,12,-0.0248940261354779
pg,hip,exo,neg,13,-0.0205330115003402
pg,hip,exo,neg,14,-0.0208033360814785
pg,hip,exo,pos,1,0.00228601920175339
pg,hip,exo,pos,2,0.0155602458569988
pg,hip,exo,pos,3,0.0048342856304557
pg,hip,exo,pos,4,0.00842102769563687
pg,hip,exo,pos,5,0.0168195574558066
pg,hip,exo,pos,6,0.0104792992214617
pg,hip,exo,pos,7,0.0111762738156625
pg,hip,exo,pos,8,0.00931352285089601
pg,hip,exo,pos,9,0.0234966452699155
pg,hip,exo,pos,10,0.0167567872866879
pg,hip,exo,pos,11,0.0220660715131089
pg,hip,exo,pos,12,0.00558092822800117
pg,hip,exo,pos,13,0.00618302732190761
pg,hip,exo,pos,14,0.00188655573733473
pg,ank,bio,neg,1,-0.502725342617315
pg,ank,bio,neg,2,-0.521371980362079
pg,ank,bio,neg,3,-0.545294230913415
pg,ank,bio,neg,4,-0.65282198392293
pg,ank,bio,neg,5,-0.570864563917412
pg,ank,bio,neg,6,-0.51036337806898
pg,ank,bio,neg,7,-0.764687812941916
pg,ank,bio,neg,8,-0.690135593361714
pg,ank,bio,neg,9,-0.754284295089105
pg,ank,bio,neg,10,-0.623191641972345
pg,ank,bio,neg,11,-0.49581802592558
pg,ank,bio,neg,12,-0.697736967574148
pg,ank,bio,neg,13,-0.711443678421133
pg,ank,bio,neg,14,-0.634455748340663
pg,ank,bio,pos,1,0.838496988310533
pg,ank,bio,pos,2,0.732260634793955
pg,ank,bio,pos,3,0.798735201358795
pg,ank,bio,pos,4,0.993339634116958
pg,ank,bio,pos,5,0.862586482482798
pg,ank,bio,pos,6,0.934577685068635
pg,ank,bio,pos,7,1.05913930780747
pg,ank,bio,pos,8,1.12934084324276
pg,ank,bio,pos,9,1.23173514446791
pg,ank,bio,pos,10,0.934735088663943
pg,ank,bio,pos,11,0.745719168116065
pg,ank,bio,pos,12,1.02386105761809
pg,ank,bio,pos,13,1.00899601859205
pg,ank,bio,pos,14,1.01718507707119
pg,kne,bio,neg,1,-0.454595198526102
pg,kne,bio,neg,2,-0.369320738403236
pg,kne,bio,neg,3,-0.324064027737169
pg,kne,bio,neg,4,-0.209734588642331
pg,kne,bio,neg,5,-0.273689902442343
pg,kne,bio,neg,6,-0.430727643563467
pg,kne,bio,neg,7,-0.215315061128315
pg,kne,bio,neg,8,-0.281859556322589
pg,kne,bio,neg,9,-0.249703144106795
pg,kne,bio,neg,10,-0.302430477431592
pg,kne,bio,neg,11,-0.28332225583932
pg,kne,bio,neg,12,-0.235394394792178
pg,kne,bio,neg,13,-0.227595783660517
pg,kne,bio,neg,14,-0.118566324057824
pg,kne,bio,pos,1,0.600258056293516
pg,kne,bio,pos,2,0.605305452557171
pg,kne,bio,pos,3,0.487166030442013
pg,kne,bio,pos,4,0.393881659735652
pg,kne,bio,pos,5,0.405504201484077
pg,kne,bio,pos,6,0.700260363519192
pg,kne,bio,pos,7,0.310173511724262
pg,kne,bio,pos,8,0.539420155479628
pg,kne,bio,pos,9,0.478427018312847
pg,kne,bio,pos,10,0.461660621359068
pg,kne,bio,pos,11,0.44245795160532
pg,kne,bio,pos,12,0.481229959165349
pg,kne,bio,pos,13,0.386012044023065
pg,kne,bio,pos,14,0.290563769857673
pg,hip,bio,neg,1,-0.0240075553027803
pg,hip,bio,neg,2,-0.107301308992593
pg,hip,bio,neg,3,-0.0777750032789567
pg,hip,bio,neg,4,-0.0548352263183059
pg,hip,bio,neg,5,-0.069489694734597
pg,hip,bio,neg,6,-0.118366155882969
pg,hip,bio,neg,7,-0.0461427750312449
pg,hip,bio,neg,8,-0.264712007825865
pg,hip,bio,neg,9,-0.257340112153222
pg,hip,bio,neg,10,-0.114321569282123
pg,hip,bio,neg,11,-0.109590925550198
pg,hip,bio,neg,12,-0.139538749175913
pg,hip,bio,neg,13,-0.113764063770171
pg,hip,bio,neg,14,-0.107455723480705
pg,hip,bio,pos,1,0.018307511057869
pg,hip,bio,pos,2,0.0564464455032173
pg,hip,bio,pos,3,0.0394322729313417
pg,hip,bio,pos,4,0.0470400382764637
pg,hip,bio,pos,5,0.0366729120449985
pg,hip,bio,pos,6,0.0594556663623627
pg,hip,bio,pos,7,0.0287145901717903
pg,hip,bio,pos,8,0.055275963865878
pg,hip,bio,pos,9,0.0813811525483342
pg,hip,bio,pos,10,0.0370859699666171
pg,hip,bio,pos,11,0.0119652363526471
pg,hip,bio,pos,12,0.0207378101288615
pg,hip,bio,pos,13,0.0350693828042816
pg,hip,bio,pos,14,0.0168930697254837
pg,ank,net,net,1,0.338097720023464
pg,ank,net,net,2,0.211969195481609
pg,ank,net,net,3,0.266061997588943
pg,ank,net,net,4,0.323040417888585
pg,ank,net,net,5,0.279831531293252
pg,ank,net,net,6,0.429124760277131
pg,ank,net,net,7,0.297770017648445
pg,ank,net,net,8,0.429301940342959
pg,ank,net,net,9,0.471923130400041
pg,ank,net,net,10,0.315319386913496
pg,ank,net,net,11,0.254367957220358
pg,ank,net,net,12,0.313845113796346
pg,ank,net,net,13,0.270400042043013
pg,ank,net,net,14,0.379092941389364
pg,kne,net,net,1,0.124188051504247
pg,kne,net,net,2,0.246929199818303
pg,kne,net,net,3,0.159145746160956
pg,kne,net,net,4,0.177532784969491
pg,kne,net,net,5,0.126404095879372
pg,kne,net,net,6,0.27209497243166
pg,kne,net,net,7,0.0891659779145437
pg,kne,net,net,8,0.248926060602945
pg,kne,net,net,9,0.228655351106735
pg,kne,net,net,10,0.160211308037533
pg,kne,net,net,11,0.153770307845929
pg,kne,net,net,12,0.239739439504988
pg,kne,net,net,13,0.154120058697813
pg,kne,net,net,14,0.164222530034535
pg,hip,net,net,1,-0.00883981600568137
pg,hip,net,net,2,-0.0580309808309026
pg,hip,net,net,3,-0.048277693663669
pg,hip,net,net,4,-0.0328537380213247
pg,hip,net,net,5,-0.0349334048874238
pg,hip,net,net,6,-0.079033415983705
pg,hip,net,net,7,-0.0369084403535132
pg,hip,net,net,8,-0.242880593437482
pg,hip,net,net,9,-0.184213715276736
pg,hip,net,net,10,-0.0885332944145536
pg,hip,net,net,11,-0.120854167579262
pg,hip,net,net,12,-0.138114036232069
pg,hip,net,net,13,-0.0930446647107601
pg,hip,net,net,14,-0.109479434028104
pg,ank,exo,net,1,0.00232607389197631
pg,ank,exo,net,2,0.00108054088538184
pg,ank,exo,net,3,0.012621026376591
pg,ank,exo,net,4,-0.0174772325245773
pg,ank,exo,net,5,-0.0118903870529988
pg,ank,exo,net,6,0.00491046072805629
pg,ank,exo,net,7,0.00331851938629851
pg,ank,exo,net,8,-0.00990330351187904
pg,ank,exo,net,9,-0.0055277256623787
pg,ank,exo,net,10,0.00377593512701638
pg,ank,exo,net,11,0.0044668152490083
pg,ank,exo,net,12,-0.0122789782198036
pg,ank,exo,net,13,-0.0271522905677557
pg,ank,exo,net,14,-0.00363638799856691
pg,kne,exo,net,1,-0.0214748058796806
pg,kne,exo,net,2,0.0109444850617472
pg,kne,exo,net,3,-0.00395625684519901
pg,kne,exo,net,4,-0.00661428582251948
pg,kne,exo,net,5,-0.00541020175168181
pg,kne,exo,net,6,0.00256224959979162
pg,kne,exo,net,7,-0.00569247173296068
pg,kne,exo,net,8,-0.0086345347808674
pg,kne,exo,net,9,-6.85203669811875e-05
pg,kne,exo,net,10,0.000981165356386232
pg,kne,exo,net,11,-0.00536538686548524
pg,kne,exo,net,12,-0.00609612364924568
pg,kne,exo,net,13,-0.00429620031568715
pg,kne,exo,net,14,-0.00777491627891055
pg,hip,exo,net,1,-0.00313977180100183
pg,hip,exo,net,2,-0.00717611717375215
pg,hip,exo,net,3,-0.00993496323936223
pg,hip,exo,net,4,-0.0250585500154343
pg,hip,exo,net,5,-0.00211662221836912
pg,hip,exo,net,6,-0.0201229264288593
pg,hip,exo,net,7,-0.0194802553365555
pg,hip,exo,net,8,-0.0334445481224547
pg,hip,exo,net,9,-0.00825475475422161
pg,hip,exo,net,10,-0.0112976957564516
pg,hip,exo,net,11,-0.0232284787617733
pg,hip,exo,net,12,-0.0193130979074768
pg,hip,exo,net,13,-0.0143499841784326
pg,hip,exo,net,14,-0.0189167803441438
pg,ank,bio,net,1,0.335771645693218
pg,ank,bio,net,2,0.210888654431876
pg,ank,bio,net,3,0.25344097044538
pg,ank,bio,net,4,0.340517650194028
pg,ank,bio,net,5,0.291721918565386
pg,ank,bio,net,6,0.424214306999655
pg,ank,bio,net,7,0.294451494865558
pg,ank,bio,net,8,0.439205249881043
pg,ank,bio,net,9,0.47745084937881
pg,ank,bio,net,10,0.311543446691597
pg,ank,bio,net,11,0.249901142190484
pg,ank,bio,net,12,0.326124090043937
pg,ank,bio,net,13,0.297552340170916
pg,ank,bio,net,14,0.382729328730527
pg,kne,bio,net,1,0.145662857767414
pg,kne,bio,net,2,0.235984714153935
pg,kne,bio,net,3,0.163102002704845
pg,kne,bio,net,4,0.184147071093321
pg,kne,bio,net,5,0.131814299041734
pg,kne,bio,net,6,0.269532719955725
pg,kne,bio,net,7,0.0948584505959469
pg,kne,bio,net,8,0.257560599157039
pg,kne,bio,net,9,0.228723874206052
pg,kne,bio,net,10,0.159230143927476
pg,kne,bio,net,11,0.159135695766
pg,kne,bio,net,12,0.245835564373171
pg,kne,bio,net,13,0.158416260362548
pg,kne,bio,net,14,0.171997445799849
pg,hip,bio,net,1,-0.0057000442449113
pg,hip,bio,net,2,-0.0508548634893754
pg,hip,bio,net,3,-0.038342730347615
pg,hip,bio,net,4,-0.00779518804184216
pg,hip,bio,net,5,-0.0328167826895985
pg,hip,bio,net,6,-0.0589104895206059
pg,hip,bio,net,7,-0.0174281848594546
pg,hip,bio,net,8,-0.209436043959987
pg,hip,bio,net,9,-0.175958959604887
pg,hip,bio,net,10,-0.0772355993155061
pg,hip,bio,net,11,-0.0976256891975508
pg,hip,bio,net,12,-0.118800939047052
pg,hip,bio,net,13,-0.078694680965889
pg,hip,bio,net,14,-0.0905626537552213
